type,xaccl,yaccl,zaccl,xmagnet,ymagnet,zmagnet,xgyro,ygyro,zgyro,id
tiltLeft,-0.0234375,-0.0078125,0.02734375,-1.26552581787109,1.76429748535156,0.06866455078125,-0.858306884765625,0.579833984375,-0.692367553710938,A4C483FF-7318-4AF5-914B-0C7B68448D4E
tiltLeftBack,-0.02734375,-0.0302734375,0.1240234375,-4.02164459228516,1.36184692382812,-5.87749481201172,-11.3430023193359,-3.62968444824219,-1.56974792480469,6EDA22E6-4BA5-4A92-AD02-077106AFC521
tiltLeft,-0.01708984375,-0.01318359375,-0.00732421875,-0.43487548828125,1.31607055664062,1.92642211914062,-21.8467712402344,-5.35011291503906,-2.67982482910156,6C4C3CAB-17CD-4EC1-97F1-62D2F4008EFA
tiltLeftBack,-0.02734375,-0.0439453125,0.1279296875,-4.57763671875,0.726699829101562,-6.96754455566406,22.0603942871094,27.7309417724609,1.74903869628906,3DADEE35-645E-4D01-B63D-EB959D352BF6
tiltLeft,-0.0087890625,-0.009765625,-0.029296875,-0.131607055664062,0.942230224609375,2.20298767089844,-3.2806396484375,-3.32260131835938,-1.59072875976562,BE1EFEE4-0E3A-4580-A98F-3B84A196D9E5
tiltLeftBack,-0.01513671875,-0.04541015625,0.1435546875,-4.96768951416016,-0.394821166992188,-16.7455673217773,2.32124328613281,1.36947631835938,-3.36074829101562,4664C4A5-CBD3-4AD3-A886-2035FB86B7BE
tiltLeft,-0.00537109375,-0.01025390625,0.01171875,-1.70803070068359,0.199317932128906,-10.6115341186523,-4.46701049804688,0.692367553710938,-2.47001647949219,63386BAD-2A44-4C8D-B047-01F9D787044A
tiltLeftBack,-0.0087890625,-0.03515625,0.1103515625,-5.35392761230469,-0.79345703125,-17.0135498046875,2.82669067382812,4.66156005859375,1.89399719238281,F9F01CD2-21E2-437E-BBEF-7CC276263F80
tiltLeft,-0.0009765625,-0.0078125,0.04296875,-0.978469848632812,-0.48065185546875,-9.3536376953125,1.07383728027344,1.6326904296875,0.0057220458984375,464A3161-750F-49CC-869A-9A3F1034F3C8
tiltLeftBack,-0.0126953125,-0.0615234375,0.1171875,-4.17137145996094,-1.03664398193359,-16.1294937133789,-7.07244873046875,-3.06892395019531,-0.072479248046875,B21E2BEF-ED8E-4AB8-9965-3233DA88A56E
tiltLeft,0.015625,0.0,-0.005859375,-0.57220458984375,-1.50299072265625,-9.979248046875,8.79859924316406,3.17764282226562,0.286102294921875,0367B7DD-9283-49EA-8C93-5DCB57B26C5E
tiltLeftBack,-0.02001953125,-0.0126953125,0.04296875,-2.96783447265625,-0.994682312011719,-15.0594711303711,-8.4686279296875,-1.99699401855469,-1.7547607421875,E84DE3B7-6FA8-453F-985E-2D61767C5DF9
tiltLeft,0.021484375,-0.0078125,0.01171875,-0.979423522949219,-1.11198425292969,-11.5652084350586,0.030517578125,2.14958190917969,-0.751495361328125,3FECF2FB-5A4D-414B-8085-C11F75E4D545
tiltLeftBack,0.01025390625,-0.03564453125,0.03369140625,-2.00271606445312,-1.49250030517578,-12.5656127929688,12.0506286621094,4.14466857910156,-1.6021728515625,7079617C-35BE-475A-992A-7D142333AF7D
tiltLeft,0.01953125,0.0,0.0,-0.376701354980469,-1.80244445800781,-10.1451873779297,-44.0292358398438,-15.07568359375,-8.89015197753906,52DFC967-928E-4D74-9E67-2A30BB615175
tiltLeftBack,-0.0078125,-0.060546875,0.166015625,-5.97667694091797,-1.08146667480469,-18.0177688598633,31.2137603759766,9.09805297851562,4.16946411132812,5BBB8527-A438-481D-A435-F007A5834885
tiltLeft,0.015625,-0.0107421875,-0.0205078125,-0.194549560546875,-1.73759460449219,-8.50105285644531,-26.0753631591797,-7.00569152832031,-3.936767578125,DB25C630-59C6-4C83-9A51-E4952CD7784F
tiltLeftBack,-0.00146484375,-0.068359375,0.1884765625,-6.72817230224609,-1.22642517089844,-18.3792114257812,19.8097229003906,-6.103515625,9.78851318359375,31C3B703-789D-48D3-96B0-76F45C3FEE44
tiltLeft,0.01513671875,-0.00830078125,0.013671875,-1.08718872070312,-1.27315521240234,-11.8122100830078,-13.4220123291016,-5.49507141113281,-2.35176086425781,B77271C2-7B8A-4BD2-82B0-A5997A7E7F17
tiltLeftBack,-0.01171875,-0.052734375,0.12890625,-4.74834442138672,-0.720024108886719,-16.6101455688477,17.0269012451172,10.9062194824219,4.32968139648438,4700299E-3AD3-4530-B3F6-38B9FB274733
tiltLeft,0.009765625,-0.01171875,0.083984375,-1.08051300048828,-1.58405303955078,-12.0840072631836,-1.89018249511719,-0.829696655273438,0.3814697265625,7E020A44-5FDF-469F-9747-0F58F4096FFB
tiltLeftBack,-0.0078125,-0.0439453125,0.0888671875,-3.72314453125,-0.799179077148438,-15.2149200439453,8.79669189453125,8.6212158203125,-2.21824645996094,2DB947B6-2BFB-4B33-9576-E060FEEFD674
tiltLeft,0.0078125,0.0,0.005859375,-1.21116638183594,-0.722885131835938,-10.6315612792969,1.26838684082031,3.67546081542969,-0.1068115234375,D98AB8A4-3DEE-42A2-9845-474F5B6801D4
tiltLeftBack,-0.0263671875,-0.076171875,0.1796875,-7.53021240234375,0.35858154296875,-17.7145004272461,-10.3607177734375,-2.05230712890625,-6.78634643554688,CBA30F8E-8F7D-45E0-998C-CFCB2C5153BD
tiltLeft,-0.009765625,-0.0078125,-0.0224609375,-1.27124786376953,-0.123977661132812,-9.06658172607422,-9.18960571289062,-19.4177627563477,1.70326232910156,CB3F73AD-85E9-4740-840A-82CFE006A7DD
tiltLeftBack,-0.0341796875,-0.07666015625,0.15087890625,-7.03620910644531,0.181198120117188,-17.5399780273438,13.1282806396484,8.59642028808594,3.10134887695312,59762B38-B394-412F-9BBC-29241A1277D8
tiltLeft,-0.0068359375,-0.009765625,0.0390625,-1.07192993164062,-0.520706176757812,-9.21440124511719,-10.1699829101562,-5.80978393554688,-0.766754150390625,7CEE2294-BC94-4D6B-B9E4-B6BB171FA095
tiltLeftBack,-0.02734375,-0.0556640625,0.1044921875,-5.0349235534668,0.458240509033203,-15.6431198120117,23.6358642578125,24.0116119384766,3.61442565917969,27B70C90-DFB0-40DB-98FB-748DBE2A8DCE
tiltLeft,0.01171875,-0.00390625,0.00390625,-1.24549865722656,-0.591278076171875,-10.3778839111328,-11.4765167236328,-5.07926940917969,-1.91116333007812,FDEE4B16-FD76-45AB-B8B2-120C9F9BB100
tiltLeftBack,-0.02197265625,-0.0771484375,0.1044921875,-6.99234008789062,0.0152587890625,-17.120361328125,-3.77655029296875,-1.39808654785156,-1.05857849121094,B17E2A08-4043-4E7B-BCD7-0615EC05B611
tiltLeft,-0.021484375,-0.005859375,0.06787109375,-1.50108337402344,-0.423431396484375,-11.0664367675781,0.669479370117188,3.25584411621094,-3.55339050292969,8CB8B44C-40DA-4906-9B2B-5B228F812C44
tiltLeftBack,-0.037109375,-0.05859375,0.1552734375,-5.93757629394531,0.116348266601562,-16.4527893066406,-4.17900085449219,-3.98635864257812,-0.341415405273438,1E4FE2F5-C59C-4868-860D-0C05A12A2216
tiltLeft,-0.0146484375,-0.0078125,0.07421875,-1.38282775878906,-0.347137451171875,-10.5037689208984,-24.0287780761719,-8.98647308349609,-7.7972412109375,80540BCD-030C-4823-A696-C1FE59F54C5B
tiltLeftBack,-0.02685546875,-0.05908203125,0.0927734375,-6.23512268066406,-0.0324249267578125,-16.5786743164062,31.3301086425781,14.4119262695312,7.1258544921875,8B57E2A5-7A33-4E87-8289-7D776E4825CA
tiltLeft,-0.01416015625,-0.0087890625,0.0390625,-1.17301940917969,-0.349044799804688,-9.37652587890625,-34.7118377685547,-11.1484527587891,-9.74273681640625,75217039-3A28-4842-9DA9-4478797B03A5
tiltLeftBack,-0.0224609375,-0.080078125,0.15625,-6.58226013183594,0.0820159912109375,-17.003059387207,26.0639190673828,17.4522399902344,3.936767578125,20D2232D-E155-4FCC-85AD-7A1B994A1414
tiltLeft,0.001953125,-0.01123046875,0.05322265625,-2.01797485351562,-1.09386444091797,-13.0510330200195,-25.6175994873047,-4.02450561523438,-5.17845153808594,4846EF62-DA7F-4107-B234-971F8233177C
tiltLeftBack,-0.0107421875,-0.0185546875,0.11279296875,-3.46946716308594,-1.03473663330078,-15.9435272216797,-1.07192993164062,1.800537109375,-0.682830810546875,203F9DAC-C09C-4220-88E7-117FAF8ED20A
tiltLeft,0.0,-0.0087890625,0.00390625,-1.14250183105469,-0.760078430175781,-10.340690612793,-0.81634521484375,1.51824951171875,-0.3662109375,1276F811-943B-4298-90F0-6EF0F829B366
tiltLeftBack,-0.013671875,-0.033203125,0.09375,-4.180908203125,-0.133514404296875,-15.7232284545898,-6.07490539550781,-2.30026245117188,-2.76947021484375,AF12C043-50B4-4698-98D2-ABFA7E541E02
tiltLeft,-0.001953125,0.0,0.0068359375,-1.33609771728516,-0.573158264160156,-10.9062194824219,5.93948364257812,3.41606140136719,2.62451171875,B716A2D3-962B-497E-BD3C-3332085458C9
tiltLeftBack,-0.0283203125,-0.0361328125,0.125,-5.14411926269531,-0.0963211059570312,-16.8266296386719,-0.270843505859375,-0.37384033203125,-0.125885009765625,23F4013D-7CC4-49FA-B9D2-A31213A1602D
tiltLeft,-0.01220703125,-0.0087890625,0.0048828125,-1.32942199707031,-0.75531005859375,-11.1522674560547,-13.7929916381836,-7.04002380371094,-1.60694122314453,7C94D4C5-796F-4734-B35A-5FF1FC98206F
tiltLeft,-0.0048828125,-0.0078125,0.0390625,-0.139236450195312,0.003814697265625,0.277519226074219,0.513076782226562,-1.50108337402344,-0.673294067382812,BB98EC00-1CE2-4628-83DA-196002515DFC
tiltLeftBack,-0.0048828125,-0.0439453125,0.1533203125,-3.62968444824219,-1.068115234375,-7.8582763671875,-10.467529296875,-10.8737945556641,-2.72750854492188,D9CD56C3-54DB-4F55-BDDB-C99E0341929D
tiltLeft,0.0,0.0,0.037109375,-0.247955322265625,0.214576721191406,0.314712524414062,-21.7990875244141,-16.1066055297852,-3.55815887451172,AE6A3C16-83E8-4670-BE65-E5216276D89A
tiltLeftBack,-0.013671875,-0.060546875,0.150390625,-4.06074523925781,-0.493049621582031,-7.55023956298828,30.9696197509766,23.4851837158203,4.84657287597656,36AC0541-8409-4D63-934E-4EE25579679E
tiltLeft,0.00390625,-0.0068359375,0.0361328125,-0.324249267578125,0.146865844726562,0.02288818359375,-19.5274353027344,-23.1761932373047,-4.83131408691406,2FF6292D-B9B3-448F-BD85-D956DA16FF5A
tiltLeftBack,-0.01513671875,-0.0556640625,0.17431640625,-4.35638427734375,-1.17683410644531,-8.68606567382812,0.730514526367188,1.14059448242188,1.32369995117188,4981DC96-CA71-4DEC-BE33-72E3B3C37F1B
tiltLeft,0.0087890625,-0.0029296875,-0.013671875,-0.03814697265625,-0.095367431640625,0.505447387695312,2.7923583984375,-1.1138916015625,2.06184387207031,BCB1FC6A-3C20-498C-94C9-DB3AB21246B7
tiltLeftBack,0.0,-0.033203125,0.154296875,-3.6320686340332,-1.91020965576172,-9.2930793762207,-3.07655334472656,-4.32968139648438,1.85775756835938,3F995828-8D79-4F05-9D45-7BA9373F8B0E
tiltLeft,0.0,-0.001953125,-0.0078125,0.00667572021484375,-0.374794006347656,0.262260437011719,6.72531127929688,3.07846069335938,0.2899169921875,4EFE0271-CA8A-43CB-86BD-09E889CE6A8C
tiltLeftBack,0.0009765625,-0.0439453125,0.1640625,-3.83567810058594,-2.19917297363281,-9.54818725585938,-6.54411315917969,-2.64358520507812,-2.22015380859375,2021277D-BDDA-4E9E-BEAC-0B93B440EA5E
tiltLeft,0.0126953125,0.001953125,-0.0048828125,0.390052795410156,-0.905036926269531,-0.618934631347656,10.7669830322266,4.22096252441406,4.26864624023438,01EBCDD4-1396-402A-B89F-B1AE806FA53B
tiltLeftBack,0.0,-0.0498046875,0.15966796875,-4.241943359375,-2.12860107421875,-9.50813293457031,-9.78660583496094,-8.81576538085938,-3.326416015625,33AF1580-E956-4D67-9B5F-DC3FA7BD1191
tiltLeft,0.0078125,-0.001953125,0.0234375,-0.0514984130859375,-0.754356384277344,-1.64794921875,13.5917663574219,9.51004028320312,6.04438781738281,58236AE4-DAE1-4EE4-9B96-DE363DEFCECE
tiltLeftBack,-0.00048828125,-0.04296875,0.142578125,-3.92723083496094,-1.81388854980469,-9.02557373046875,-15.5982971191406,-9.65309143066406,-5.94329833984375,86619357-9124-4395-94F3-8D1473516408
tiltLeft,0.0078125,0.0,-0.015625,0.232696533203125,-0.46539306640625,0.54168701171875,10.6716156005859,7.61032104492188,2.70652770996094,2410606C-5AB8-49A1-B1FB-B4D3F80B3FD5
tiltLeftBack,0.0068359375,-0.0380859375,0.1318359375,-3.49044799804688,-2.50339508056641,-9.58156585693359,22.0270156860352,16.4518356323242,3.78990173339844,46C4CE84-FE14-47B9-A723-6ACF2680D433
tiltLeft,0.001953125,0.0,0.001953125,0.458717346191406,-0.704765319824219,-0.762939453125,-26.7429351806641,-20.44677734375,0.54931640625,1C70E69D-67F0-450A-9855-A4422DCEEF1B
tiltLeftBack,0.01318359375,-0.0458984375,0.12353515625,-3.84807586669922,-2.24971771240234,-9.8724365234375,23.6644744873047,19.0238952636719,2.37655639648438,5FDDB814-BCA3-4E94-A9D8-D5682FF000B7
tiltLeft,0.0078125,0.0,-0.00390625,0.16021728515625,-0.74005126953125,-0.354766845703125,-16.3307189941406,-8.35990905761719,-1.24931335449219,61451BE1-3713-48D9-A646-E861085E6FE2
tiltLeftBack,0.01318359375,-0.0458984375,0.1748046875,-3.60345840454102,-2.16102600097656,-9.37747955322266,8.36372375488281,9.37461853027344,4.26101684570312,DBDD31B9-63AA-4B32-AEB6-5237AEDD5046
tiltLeft,0.009765625,0.0,-0.021484375,0.385284423828125,-0.92315673828125,0.0762939453125,3.41796875,1.55830383300781,0.148773193359375,4B61DF94-E4E7-44B1-B584-4372B6103F84
tiltLeftBack,0.00732421875,-0.05126953125,0.11865234375,-4.54998016357422,-2.06661224365234,-9.28115844726562,-4.51087951660156,-1.50489807128906,-1.25503540039062,EC4E6A7C-0E27-48E6-8CD7-B0A0FBCE316B
tiltLeft,0.0068359375,0.0048828125,-0.0087890625,0.400543212890625,-0.764846801757812,-0.1068115234375,3.5247802734375,2.16293334960938,2.14958190917969,81E4821A-3E96-435C-A3F6-B3F86B9786A4
tiltLeftBack,0.001953125,-0.03515625,0.0888671875,-2.30503082275391,-0.974655151367188,-6.06441497802734,0.787734985351562,-0.293731689453125,-0.654220581054688,CB7CCD38-E3F3-460C-9088-FFDA17F249EA
tiltLeft,0.0,0.0029296875,0.08056640625,-0.274658203125,-0.19073486328125,-0.387191772460938,-1.6632080078125,-0.661849975585938,2.63595581054688,071D9141-BF0D-423F-8635-8AB40A588037
tiltLeftBack,0.00146484375,-0.01708984375,0.02880859375,-0.727653503417969,-0.857353210449219,-2.36797332763672,21.1544036865234,12.7239227294922,5.92994689941406,7BAC620A-E556-4E0B-B2B4-C45A3F1E679D
tiltLeft,0.001953125,-0.0185546875,0.169921875,-2.53677368164062,-1.55258178710938,-6.71958923339844,-24.7211456298828,-16.3364410400391,-3.49617004394531,55A4B72F-8BD2-4BAA-9EFA-8D6BDA4753CE
tiltLeftBack,0.00634765625,-0.02197265625,0.01904296875,-1.85966491699219,-0.833511352539062,-4.82749938964844,3.6163330078125,4.852294921875,3.88717651367188,C8295E4F-5415-4B52-8A38-93DA3FA6D187
tiltLeft,0.001953125,-0.0166015625,0.16796875,-2.41851806640625,-1.86538696289062,-6.86264038085938,-5.92422485351562,-6.67381286621094,1.34086608886719,72636C75-554B-4572-A4F5-239E5C1CC7E2
tiltLeftBack,-0.0048828125,-0.0439453125,0.1201171875,-3.26204299926758,-1.0838508605957,-7.10391998291016,31.6600799560547,19.4206237792969,7.71331787109375,39FCEDD4-B1F8-4EF0-9270-A37466DEA549
tiltLeft,0.0087890625,-0.0078125,0.05712890625,-0.095367431640625,-0.612258911132812,-0.762939453125,-19.6514129638672,-16.5519714355469,-2.79045104980469,F8DC2298-9A9D-43B6-9F22-42993A8689B0
tiltLeft,-0.00927734375,0.001953125,0.01806640625,-0.370979309082031,0.0214576721191406,-0.449180603027344,-13.0958557128906,-7.04574584960938,-3.62586975097656,CCDD5238-00EC-4C24-9EE0-D6BAD0D47159
tiltLeftBack,-0.0009765625,-0.04052734375,0.17236328125,-4.54425811767578,-1.94168090820312,-9.45377349853516,15.4495239257812,11.4593505859375,1.45530700683594,EC94E399-B98F-4544-8029-4469B0E41B87
tiltLeft,0.0,0.0,-0.015625,0.186920166015625,-0.377655029296875,0.0743865966796875,-14.6064758300781,-12.1841430664062,-0.48828125,1789FEB9-F5C3-4D93-811F-F395B68E5CCD
tiltLeftBack,0.0078125,-0.037109375,0.1640625,-3.63445281982422,-2.12764739990234,-9.44232940673828,2.40707397460938,7.46536254882812,-1.76239013671875,DDBD22DA-497C-4ED7-9C84-F1C07AE774AD
tiltLeft,0.00048828125,-0.00048828125,0.01416015625,-0.146865844726562,-0.786781311035156,-1.74999237060547,-8.91876220703125,-5.53131103515625,0.118255615234375,044A9ABD-94D2-4B1B-B393-115CC37CC5C6
tiltLeftBack,-0.005859375,-0.0595703125,0.185546875,-5.43022155761719,-2.16102600097656,-9.9029541015625,-1.47438049316406,0.23651123046875,-2.06184387207031,FC7AC0C2-7B23-4EAC-A589-9509C8C8E24B
tiltLeft,0.0,0.00390625,0.01708984375,0.0314712524414062,-0.830650329589844,-1.65271759033203,0.9002685546875,4.40406799316406,-1.25885009765625,75C8BD37-3114-417C-B1BE-58FA4ED4F573
tiltLeftBack,0.005859375,-0.044921875,0.158203125,-3.85379791259766,-2.33364105224609,-9.51385498046875,-8.22830200195312,-3.38172912597656,-3.02314758300781,33F0CD80-80F7-42D4-A02B-3CC8F957EC4A
tiltLeft,0.01904296875,0.0048828125,0.0419921875,0.370025634765625,-1.0986328125,-0.951766967773438,10.1242065429688,6.05201721191406,0.270843505859375,4CB82F8D-C672-4FBE-835A-44F798C6A27B
tiltLeftBack,0.00732421875,-0.0546875,0.17333984375,-4.15134429931641,-1.88398361206055,-9.07230377197266,-9.89913940429688,-6.49261474609375,-5.62667846679688,5F1B61EA-B2B3-411B-9E92-E708AE1113D1
tiltLeft,-0.00537109375,0.0146484375,0.04833984375,0.0457763671875,-0.598907470703125,-0.499725341796875,9.89151000976562,6.927490234375,1.068115234375,35732290-ACEE-427B-979E-4E993FF4B524
tiltLeftBack,0.0,-0.060546875,0.1943359375,-4.25529479980469,-1.7547607421875,-9.23728942871094,-14.1353607177734,-7.08770751953125,-4.11415100097656,89272882-0F87-4ACA-96DB-19693164F47E
tiltLeft,0.0107421875,0.01171875,0.01953125,0.417709350585938,-1.08528137207031,-0.9002685546875,9.25064086914062,9.10186767578125,-1.07955932617188,528C8629-AEE6-44B6-AECD-BCD18AE36E09
tiltLeftBack,0.005859375,-0.0400390625,0.166015625,-3.71360778808594,-2.13718414306641,-9.18960571289062,28.6750793457031,12.8641128540039,0.263214111328125,F643A183-E21E-4CB4-97E5-ADCBA5E7E6B0
tiltLeft,-0.001953125,0.005859375,0.0234375,0.202178955078125,-0.698089599609375,-0.551223754882812,-36.7279052734375,-16.3154602050781,-5.10978698730469,747B7150-0C2C-4983-B6E7-B063B4A45F10
tiltLeftBack,-0.009765625,-0.0537109375,0.1474609375,-3.35216522216797,-1.37042999267578,-7.93266296386719,35.0227355957031,28.6922454833984,10.55908203125,7BABE3CE-FCC0-48FF-BE4F-F56CB1D67E8C
tiltLeft,0.0,0.0,0.0576171875,-1.04618072509766,-0.512123107910156,-3.52954864501953,-33.1573486328125,-15.1424407958984,-9.185791015625,2ACE6A3E-3754-40EF-81B0-7ED9EAF3A772
tiltLeftBack,-0.0009765625,-0.07373046875,0.1923828125,-4.09030914306641,-1.93214416503906,-9.16385650634766,30.5557250976562,22.7470397949219,10.4007720947266,31984216-FB39-4100-9772-B9EEBFE368ED
tiltLeft,-0.001953125,0.00390625,-0.0078125,-0.135421752929688,-0.1983642578125,-0.732421875,-12.4282836914062,-3.21006774902344,-10.1032257080078,93BD8E66-98A1-4210-B936-989D9EECD5EF
tiltLeftBack,-0.02783203125,-0.0224609375,0.08447265625,-1.96933746337891,-0.375747680664062,-4.75025177001953,4.71305847167969,6.36672973632812,4.68826293945312,62D63F65-24B0-4DBB-BBD1-625686D7D8BC
tiltLeft,0.0078125,0.0048828125,0.11328125,-2.89821624755859,-0.522613525390625,-5.85651397705078,-1.47438049316406,2.17819213867188,-1.36375427246094,DA68B2CB-3DB3-4A8A-A4B1-8980D6E69891
tiltLeftBack,-0.02099609375,-0.01708984375,0.037109375,-1.19209289550781,-0.05340576171875,-2.31838226318359,25.4135131835938,21.4252471923828,4.96101379394531,90AE7A82-31C2-4F28-B31E-17A29BC7DDC2
tiltLeft,-0.0166015625,-0.017578125,0.1728515625,-4.30870056152344,-1.21212005615234,-8.05568695068359,-26.5789031982422,-12.7582550048828,-4.79316711425781,FA879A7D-1DF2-49B0-97B1-0746CEDCD7E8
tiltLeftBack,-0.01953125,-0.0322265625,0.0595703125,-2.12764739990234,-0.0658035278320312,-3.62396240234375,10.4894638061523,6.11782073974609,2.89154052734375,7FD33CA5-1E73-479E-95CD-5C5978D12EE5
tiltLeft,-0.013671875,-0.0048828125,0.123046875,-0.90789794921875,-0.51116943359375,-3.4332275390625,-0.48828125,-0.4119873046875,-1.495361328125,AE589345-5594-4512-B2C5-07659CDCAB23
tiltLeftBack,-0.0078125,-0.046875,0.1728515625,-4.058837890625,-1.43241882324219,-8.90159606933594,17.0745849609375,18.4497833251953,2.61306762695312,03CBFFF2-ECED-4BF4-9311-8B98CF6B91FA
tiltLeft,-0.00732421875,0.00927734375,0.0224609375,-0.274181365966797,-0.217437744140625,-0.949382781982422,-1.91116333007812,1.45149230957031,-0.673294067382812,0D33E85C-0E81-483A-A4D7-ECB0F6DE1434
tiltLeftBack,0.0,-0.03515625,0.14453125,-4.11796569824219,-1.87110900878906,-9.26589965820312,-8.55064392089844,-2.22969055175781,-3.07846069335938,D71DF102-A95F-4955-B0FB-01620F7E5E3F
tiltLeft,-0.013671875,0.0,0.01953125,-0.125885009765625,-0.0782012939453125,-0.524520874023438,10.2272033691406,8.69560241699219,0.513076782226562,543131DC-0A84-46A5-AD05-C6977F0051AC
tiltLeftBack,0.0,-0.03125,0.15234375,-4.29153442382812,-2.23350524902344,-9.74464416503906,-10.5857849121094,-7.50160217285156,-3.14712524414062,3812A727-7550-4BAD-9FAB-862E9A8219AA
tiltLeft,-0.02734375,-0.005859375,0.001953125,-1.05667114257812,0.997543334960938,-0.597000122070312,8.57353210449219,12.6590728759766,1.0986328125,6DB3616A-97EA-40E0-8A4D-3D0756F6CC49
tiltLeft,0.03125,0.0107421875,0.0732421875,0.354766845703125,-0.609397888183594,-0.730514526367188,2.38227844238281,-2.05802917480469,-1.74522399902344,8BB17C96-3200-4AB2-9B89-808D14E83EF8
tiltLeftBack,0.015625,-0.0087890625,0.044921875,-1.11103057861328,-1.12724304199219,-4.058837890625,2.82096862792969,-2.62069702148438,-0.745773315429688,1EDA024F-461A-4B69-876E-8777A2958D69
tiltLeft,0.0302734375,0.02001953125,0.0986328125,0.48065185546875,-1.57546997070312,-2.52914428710938,-0.041961669921875,-2.777099609375,-1.52778625488281,D49350D8-0A07-48B6-B059-E561F9816CD2
tiltLeftBack,0.0224609375,-0.001953125,0.10791015625,-2.96592712402344,-2.3193359375,-8.99887084960938,1.01089477539062,-1.20353698730469,-2.11906433105469,1941C664-E4D2-4541-9111-DA6926D9639D
tiltLeft,0.0390625,0.029296875,0.029296875,0.789642333984375,-1.4801025390625,-1.55448913574219,7.01141357421875,1.34086608886719,0.640869140625,56FBF499-4D1D-43E9-843A-40CF6D081771
tiltLeft,0.0283203125,0.00732421875,0.11572265625,-0.091552734375,-2.38037109375,-5.50651550292969,-1.16729736328125,-3.45039367675781,-2.3345947265625,05041FCD-7587-40CD-BDF8-C78107162E2A
tiltLeftBack,0.029296875,0.0087890625,0.0576171875,-0.253677368164062,-1.96075439453125,-4.92477416992188,14.8200988769531,5.79261779785156,-1.19400024414062,30E549D4-0B7B-4913-9B77-DB3D2A6B8E05
tiltLeft,0.01171875,-0.025390625,0.130859375,-2.15339660644531,-1.89304351806641,-7.37380981445312,-5.70869445800781,-8.13484191894531,-5.91087341308594,027A567A-F753-4FC8-A56A-ABE30B93CA70
tiltLeftBack,0.03515625,0.01025390625,0.017578125,0.6866455078125,-2.00843811035156,-2.61497497558594,20.3037261962891,10.6983184814453,5.25665283203125,8452E064-47D2-4AF5-87D4-8573C0E6E792
tiltLeft,0.03759765625,0.02099609375,0.10009765625,0.850677490234375,-1.88446044921875,-2.9144287109375,-3.81088256835938,-5.81550598144531,-2.07710266113281,055B10C0-0249-48F4-B2CE-CA367E1ECFF0
tiltLeftBack,0.041015625,-0.005859375,0.08984375,-1.22261047363281,-2.48527526855469,-7.32421875,6.26373291015625,1.93214416503906,-0.719070434570312,CF2E9BA4-1DB0-4FB9-AE94-4590D50448EE
tiltLeft,0.04296875,0.02734375,0.0078125,1.09291076660156,-1.91688537597656,-1.58882141113281,1.82151794433594,-1.38282775878906,-2.05612182617188,99D3F0A2-97F8-46CC-A800-838F789D4B24
tiltLeftBack,0.04296875,-0.02001953125,0.14794921875,-2.69508361816406,-2.51865386962891,-9.32025909423828,-13.7424468994141,-8.45718383789062,-6.15692138671875,8347D54C-C0BB-49E7-A8CD-E591DF56A269
tiltLeft,0.044921875,0.017578125,0.00927734375,0.844001770019531,-1.76334381103516,-1.5869140625,8.514404296875,3.69644165039062,-2.45094299316406,F9EA4F6B-2F0E-4189-B545-AD75EAC2DD9E
tiltLeftBack,0.04443359375,-0.01611328125,0.1630859375,-2.59685516357422,-3.25489044189453,-9.86862182617188,-7.40814208984375,-8.06808471679688,-5.10406494140625,A9245C16-D40B-45C8-8C06-1BF6148F6508
tiltLeft,0.04541015625,0.01806640625,0.04541015625,0.571250915527344,-1.617431640625,-2.57110595703125,18.5127258300781,6.65092468261719,-1.82723999023438,3E38053C-D2C8-4363-B0A9-4B65BACFF871
tiltLeft,0.001953125,-0.0009765625,0.0087890625,0.0896453857421875,-0.111579895019531,0.124931335449219,-0.43487548828125,-0.196456909179688,-0.182151794433594,9F9F74EC-9590-4255-B09E-0BB3F1BD9D0D
tiltLeftBack,0.013671875,-0.0400390625,0.1435546875,-3.06797027587891,-1.48963928222656,-7.781982421875,6.6680908203125,7.36618041992188,3.66020202636719,836E0821-9069-43F2-AB47-B22BB673442E
tiltLeft,0.02734375,0.0,0.0146484375,0.614166259765625,-0.9918212890625,-0.371932983398438,18.9971923828125,9.39750671386719,3.44085693359375,76E1E2A6-001F-4AF4-9BDE-CCB0ACF79F5C
tiltLeftBack,0.015625,-0.041015625,0.146484375,-2.90298461914062,-1.81961059570312,-7.66372680664062,-1.36184692382812,-6.67285919189453,-1.52492523193359,F61E1ED1-A4C7-4455-811C-51A4D45630CD
tiltLeft,0.01123046875,-0.00634765625,-0.00048828125,0.168800354003906,-0.345230102539062,0.188827514648438,5.27000427246094,3.56674194335938,1.43623352050781,251CE84B-0930-4AF3-9828-7326E2D24651
tiltLeftBack,0.017578125,-0.041015625,0.150390625,-3.20243835449219,-1.82723999023438,-8.37898254394531,-17.5418853759766,-9.08851623535156,-3.48472595214844,76FBA74B-2D6F-4CF4-980F-F2E44B152548
tiltLeft,0.01123046875,-0.00146484375,-0.0029296875,0.0886917114257812,-0.131607055664062,0.3509521484375,14.8029327392578,9.38606262207031,2.44903564453125,EA390D54-0871-446E-B932-34EB40CFC027
tiltLeftBack,0.0078125,-0.01953125,0.1171875,-2.43759155273438,-1.76143646240234,-7.91835784912109,-8.31413269042969,-8.10813903808594,-0.234603881835938,46CEFF47-000B-46B3-B30A-0FD6C329AE84
tiltLeft,0.021484375,-0.009765625,0.03125,0.0638961791992188,-0.616073608398438,-1.57737731933594,9.94873046875,5.50079345703125,1.15394592285156,D6F30E39-609C-42BC-AC4A-3D01E17E1F19
tiltLeft,0.0,0.0,0.015625,-0.293731689453125,-0.1373291015625,-0.353813171386719,-0.902175903320312,1.05476379394531,-0.12969970703125,FA037472-4432-4DC7-88DB-7A83A9AB793E 
tiltLeftBack,0.0068359375,-0.0361328125,0.09765625,-3.87763977050781,-1.14631652832031,-6.71577453613281,-12.3195648193359,-3.39508056640625,-2.01606750488281,FDAD21C1-EED8-49F7-A6FE-7A1FE3F59365 
tiltLeft,0.021484375,0.0,0.01953125,0.432968139648438,-0.743865966796875,-0.255584716796875,7.568359375,4.81414794921875,1.93023681640625,B004443C-5A18-4D91-9594-FB82BAE64C2C 
tiltLeftBack,0.0009765625,-0.0478515625,0.1005859375,-3.82041931152344,-0.514984130859375,-5.89752197265625,18.0635452270508,11.5575790405273,3.77082824707031,FB7DA797-6D47-411B-AEF4-D55E0C4944B4 
tiltLeft,0.00390625,-0.0078125,0.060546875,-1.68418884277344,0.220298767089844,-2.45761871337891,-28.7914276123047,-14.190673828125,-5.29670715332031,1909689B-DB7E-45E5-8416-31714D7C2EAA 
tiltLeftBack,0.00146484375,-0.048828125,0.091796875,-4.07600402832031,-0.446319580078125,-5.77545166015625,23.6225128173828,15.8634185791016,5.66291809082031,82BEC6BF-BA22-42D1-9521-7CA62BA70AB5 
tiltLeft,0.02392578125,0.0,0.060546875,0.041961669921875,-0.532150268554688,-1.07574462890625,-27.3857116699219,-21.0399627685547,-8.18824768066406,A31D64FC-A50C-4FE7-937F-2C166A14022C 
tiltLeftBack,-0.00048828125,-0.052734375,0.08251953125,-3.03936004638672,0.279426574707031,-3.66783142089844,28.6102294921875,11.4421844482422,-9.90867614746094,63C4C7A5-F7CB-4DE1-8C62-D28CBBF2B162 
tiltLeft,0.0166015625,-0.00341796875,0.02783203125,-1.06143951416016,0.08392333984375,-1.62887573242188,-7.40242004394531,-2.55203247070312,-1.78909301757812,12DC2E0A-B66D-489A-AE32-0D42E5EF970E 
tiltLeftBack,-0.00390625,-0.04443359375,0.10205078125,-4.32395935058594,0.08392333984375,-5.62858581542969,-1.44004821777344,6.87599182128906,2.13623046875,F5A7B645-F475-40EB-901A-257DE26847B2 
tiltLeft,0.029296875,0.005859375,0.0703125,0.446319580078125,-0.909805297851562,-0.783920288085938,3.03840637207031,2.58636474609375,1.20162963867188,2E63E17F-9F51-4BE0-B9E4-513FCB1B4C8E 
tiltLeftBack,-0.00830078125,-0.04248046875,0.0810546875,-2.44903564453125,-0.0972747802734375,-3.37028503417969,-5.30052185058594,-5.27000427246094,1.6326904296875,AA789B87-693A-4C0C-A213-36031EB1D74E 
tiltLeft,0.01904296875,-0.00146484375,0.04931640625,-0.789642333984375,-0.318527221679688,-2.39086151123047,3.0670166015625,2.044677734375,3.62777709960938,76AB1DE3-197C-414D-9CAF-9732045354D5 
tiltLeftBack,-0.0078125,-0.0458984375,0.10009765625,-4.14466857910156,0.1373291015625,-5.37300109863281,12.3214721679688,7.75146484375,6.00051879882812,EA5D338F-3C1E-4DC2-9081-6C3721418654 
tiltLeft,0.02197265625,-0.00244140625,0.04736328125,0.43487548828125,-0.677108764648438,-0.219345092773438,-27.923583984375,-12.4645233154297,-8.6517333984375,96977FB3-1130-4503-AD22-B5AFFD2F1C22 
tiltLeftBack,0.00390625,-0.0625,0.1513671875,-4.86946105957031,-0.52642822265625,-6.439208984375,24.2557525634766,14.9288177490234,4.53758239746094,705B52A4-1028-47B3-8765-42716F4BA5B0 
tiltLeft,0.0224609375,0.001953125,0.0078125,-0.163078308105469,-0.163555145263672,-0.759124755859375,-7.88116455078125,-4.63676452636719,-6.01959228515625,C6D0B0D3-0D79-4286-8127-A79460882FEB 
tiltLeftBack,-0.00048828125,-0.06982421875,0.1259765625,-3.99923324584961,-0.14495849609375,-5.41877746582031,25.8464813232422,10.7250213623047,10.5381011962891,D40C4DB0-E994-4CDE-8984-B6D518514626 
tiltLeft,0.0146484375,0.001953125,0.02734375,0.432968139648438,-0.738143920898438,-0.484466552734375,-2.24494934082031,2.24876403808594,1.10435485839844,082511CF-3FA3-4B6D-98B3-7244D30647D0 
tiltLeftBack,-0.0048828125,-0.06298828125,0.12158203125,-5.10406494140625,-0.638961791992188,-6.75582885742188,1.93214416503906,7.34710693359375,4.51087951660156,0968FF7B-6FA2-4373-A00F-72BA595BE634 
tiltLeft,0.01513671875,0.0009765625,0.04736328125,-0.681877136230469,-0.340461730957031,-2.05039978027344,2.28309631347656,2.1514892578125,2.26783752441406,1668868B-DC2F-4EE2-9E7F-EFE344432E81 
tiltLeftBack,0.00341796875,-0.0576171875,0.0986328125,-3.58295440673828,0.575542449951172,-4.04024124145508,-6.00433349609375,-2.26593017578125,0.127792358398438,370853B7-312B-4F7F-9176-5D9A2942A267 
tiltLeft,0.01708984375,0.0146484375,0.0390625,-1.56021118164062,1.05667114257812,-1.28650665283203,6.55174255371094,1.61552429199219,4.83512878417969,D47CC4D5-C9EE-4249-BCC4-DE3719118BA3 
tiltLeftBack,-0.0068359375,-0.0693359375,0.1171875,-5.80596923828125,-0.034332275390625,-6.32667541503906,-15.0375366210938,-6.15501403808594,-6.09016418457031,7ACA067D-F93F-44DE-8455-3D152DDC533A 
tiltLeft,0.017578125,0.01171875,0.001953125,0.593185424804688,-0.5645751953125,0.650405883789062,-16.0121917724609,-11.8904113769531,-11.6519927978516,CF00BB24-62BC-4BE8-8BB0-65BD9587B40D 
tiltLeftBack,-0.0087890625,-0.0751953125,0.123046875,-5.18083572387695,0.580787658691406,-5.38539886474609,16.5271759033203,12.603759765625,6.07490539550781,1A635E84-EA5C-429E-BF49-36CAA4FC219C 
tiltLeft,0.01513671875,0.0009765625,0.0234375,-0.0743865966796875,-0.277519226074219,-1.00898742675781,-4.98008728027344,-6.09207153320312,-4.59480285644531,581DF506-AE5E-4E83-980F-E21672ADD6B3 
tiltLeftBack,0.013671875,-0.064453125,0.125,-5.17082214355469,-0.928878784179688,-6.80351257324219,16.9143676757812,18.5451507568359,2.44522094726562,0AE0254E-50AD-4D5C-A496-8979349BAF35 
tiltLeft,0.0185546875,-0.001953125,0.0234375,0.51116943359375,-0.505447387695312,0.345230102539062,-2.77137756347656,1.62315368652344,0.0762939453125,803CB117-D7B6-4363-99AA-619F2DAE3C06 
tiltLeftBack,-0.005859375,-0.0703125,0.111328125,-3.74603271484375,0.392913818359375,-4.77695465087891,5.10215759277344,4.55093383789062,2.90679931640625,A7406ADD-BE64-47D4-B988-DB91115AD939 
tiltLeft,0.005859375,-0.005859375,0.0546875,-1.01757049560547,-0.156402587890625,-2.49671936035156,3.25584411621094,2.37846374511719,3.22532653808594,96C85E60-FA8F-4B17-B507-CEEFE9ABC981 
tiltLeftBack,-0.01171875,-0.0625,0.11328125,-5.523681640625,0.22125244140625,-5.828857421875,-11.0416412353516,-2.14576721191406,-0.396728515625,3C64F18E-F10B-4CDB-8305-DFFED9C51656 
tiltLeft,0.0166015625,0.005859375,0.0078125,0.509262084960938,-1.007080078125,-1.10244750976562,7.97843933105469,4.54902648925781,3.53050231933594,A2869CD5-8CA8-4D6F-BB6C-DC65306E9B93 
tiltLeftBack,-0.01220703125,-0.0751953125,0.109375,-5.22804260253906,-0.188827514648438,-6.29043579101562,20.4277038574219,4.91905212402344,0.460624694824219,FE18B527-4129-4BAF-A2E7-AFEEA304F69B 
tiltLeft,-0.00390625,-0.005859375,0.04248046875,-0.448226928710938,0.3509521484375,-0.415802001953125,-28.5778045654297,-6.2255859375,-7.52067565917969,F082CC20-3B4F-4BED-8355-312C950789F3 
tiltLeftBack,-0.013671875,-0.068359375,0.1328125,-4.44889068603516,0.688552856445312,-4.6844482421875,26.2832641601562,5.34629821777344,7.13729858398438,E7E5109D-5B92-480C-9946-A6D93FE30E3B 
tiltLeft,0.01171875,0.0,0.0078125,0.204086303710938,-0.452041625976562,-0.820159912109375,-21.1753845214844,-10.650634765625,-10.7936859130859,54DF5C66-E9AB-4FE1-984B-1B85E53B26FE 
tiltLeftBack,0.0,-0.078125,0.14794921875,-5.74302673339844,-0.165939331054688,-6.49452209472656,11.23046875,9.76943969726562,-0.25177001953125,C7E66CE5-500F-4458-BB49-8D6DC94A4C62 
tiltLeft,0.0,-0.0205078125,0.07421875,-1.91402435302734,-0.0247955322265625,-3.36074829101562,-8.4381103515625,-5.34629821777344,-1.23023986816406,66554AE8-3B9F-4195-A9D2-509EFBBA74F3 
tiltLeftBack,-0.01611328125,-0.0537109375,0.0517578125,-1.953125,0.111579895019531,-2.66551971435547,11.3945007324219,10.5152130126953,6.37245178222656,1FDF9818-25DC-4DD5-BAB7-5187AD2CCA0E 
tiltLeft,0.0107421875,-0.013671875,0.0087890625,0.2593994140625,-0.380516052246094,-0.6256103515625,-0.879287719726562,-0.169754028320312,0.165939331054688,0D0C1405-EE40-4E66-A799-13329453303A 
tiltLeftBack,0.00390625,-0.0537109375,0.1015625,-2.49671936035156,-0.89263916015625,-5.27095794677734,-10.4732513427734,-5.31387329101562,-3.69834899902344,1CCF42D8-7E48-414C-82FA-D54A15FE7214 
tiltLeft,0.0166015625,-0.0078125,0.060546875,0.875473022460938,-1.25694274902344,-0.719070434570312,9.64927673339844,6.93321228027344,2.50625610351562,6D9588E8-5DED-4AF8-828E-1767B13E4A05 
tiltLeftBack,0.0068359375,-0.060546875,0.0810546875,-2.43091583251953,-0.533103942871094,-4.72164154052734,20.5821990966797,10.8671188354492,8.98933410644531,67741498-883F-4BCF-B234-41C7C5F1CD27 
tiltLeft,-0.00146484375,-0.02001953125,0.09033203125,0.091552734375,-0.469207763671875,-1.38473510742188,-26.7448425292969,-15.9397125244141,-10.1737976074219,BDF619D7-1303-4CFE-BDD4-6663764BF0D7 
tiltLeftBack,-0.009765625,-0.0625,0.046875,-1.92928314208984,-0.0944137573242188,-2.79903411865234,26.9794464111328,15.1920318603516,8.17489624023438,94E08A73-63BF-4E9C-A670-D0327D3088D1 
tiltLeft,-0.00244140625,-0.04150390625,0.16015625,-3.97491455078125,-1.96933746337891,-7.04002380371094,-18.6748504638672,-7.85255432128906,2.03704833984375,F9D0ADAA-1BBD-41C3-AFD5-E0B9E57C19F3 
tiltLeftBack,-0.00048828125,-0.04833984375,0.06201171875,-1.68418884277344,-0.5645751953125,-2.97260284423828,34.2006683349609,25.7778167724609,4.60624694824219,13BA82EE-0674-4C7B-BB04-6DC4DCA09DE2 
tiltLeft,0.00341796875,-0.04150390625,0.16455078125,-2.32696533203125,-1.0986328125,-4.69398498535156,-33.9946746826172,-25.1922607421875,-8.43238830566406,5CAF0003-4203-4409-84A0-03C27A4D1A3E 
tiltLeftBack,0.0029296875,-0.046875,0.0302734375,-1.33895874023438,-0.194549560546875,-1.77574157714844,31.9252014160156,28.9058685302734,3.95584106445312,1B63DB7A-8F49-4236-81BB-20327E25E92D 
tiltLeft,0.0029296875,-0.015625,0.0966796875,-2.40135192871094,-0.286102294921875,-3.77464294433594,-9.71603393554688,-6.79779052734375,-4.791259765625,72373847-66C6-458E-8B06-6B3376FCD8A9 
tiltLeftBack,0.00390625,-0.048828125,0.046875,-1.56593322753906,-0.355720520019531,-2.58541107177734,14.4405364990234,18.8369750976562,1.44386291503906,C422BF44-B4C8-4C83-82E6-FC82D6A01BCC 
tiltLeft,0.017578125,-0.015625,0.08984375,-1.40285491943359,-0.948905944824219,-3.88145446777344,-15.6917572021484,-13.3333206176758,-0.467300415039062,8AB17C82-86CE-486B-9C57-11D4D2B32090 
tiltLeftBack,0.0234375,-0.080078125,0.1201171875,-3.48854064941406,-1.61457061767578,-6.70146942138672,25.146484375,20.1683044433594,7.19261169433594,C2569F8F-4B23-475D-84EB-3762AA202779 
tiltLeft,0.01513671875,-0.00830078125,0.07275390625,0.699996948242188,-1.068115234375,-1.15966796875,-42.9248809814453,-27.1530151367188,-11.6081237792969,A03FB3F4-7564-4EB6-BEE2-C84D8438D500 
tiltLeftBack,0.025390625,-0.0751953125,0.115234375,-3.27491760253906,-1.49726867675781,-6.46305084228516,32.1178436279297,28.0227661132812,6.84547424316406,75874189-BB92-4FF5-BE18-5A5AA4079BBE 
tiltLeft,0.01953125,-0.0078125,0.05078125,-0.583648681640625,-0.57220458984375,-1.90544128417969,-20.7347869873047,-18.4898376464844,-24.7726440429688,C0D0E951-F990-4BF6-A441-CA21423EBDDA 
tiltLeftBack,0.01953125,-0.080078125,0.140625,-3.55148315429688,-1.41525268554688,-6.62326812744141,11.9495391845703,19.4721221923828,1.3885498046875,746028BC-3B73-4E49-B711-53D6E7D6AE17 
tiltLeft,0.03515625,-0.00390625,0.009765625,0.460624694824219,-1.27410888671875,-1.80435180664062,0.35858154296875,0.474929809570312,0.444412231445312,D3561B14-3BA2-48C7-8DA8-5A74E066418D 
tiltLeftBack,0.041015625,-0.06103515625,0.0185546875,-2.40898132324219,-1.43241882324219,-5.02395629882812,-2.16484069824219,-0.967025756835938,-1.31416320800781,06401635-7E5C-42F0-9DFF-08C63E10CF83 
tiltLeft,0.05078125,-0.044921875,0.1171875,-2.55203247070312,-2.31552124023438,-5.37300109863281,-1.25503540039062,0.774383544921875,-0.8087158203125,FADA1655-3597-4DC5-94C5-C0C516674F0E 
tiltLeftBack,0.021484375,-0.07421875,0.15234375,-3.6163330078125,-2.19154357910156,-7.48062133789062,1.05094909667969,0.730514526367188,-0.888824462890625,7C31DCB4-0C28-4ECA-813F-1D3ED4D7DE05 
tiltLeft,0.037109375,-0.0078125,0.0458984375,0.368118286132812,-2.21443176269531,-3.62205505371094,-15.1185989379883,-9.35268402099609,-0.803947448730469,34212B0F-E276-4BE2-BCAF-687303D3F7C4 
tiltLeftBack,0.01708984375,-0.04833984375,0.033203125,-1.96456909179688,-1.27792358398438,-5.56373596191406,51.8245697021484,38.4845733642578,13.9484405517578,6F75FC82-BA62-4D3A-98BA-00FF3DE7667F 
tiltLeft,0.02490234375,-0.01953125,0.12451171875,0.0896453857421875,-1.50871276855469,-2.92015075683594,-45.5131530761719,-29.3979644775391,-13.2637023925781,F8EFEFE4-0F99-4DC8-ADDF-FAB26336A82A 
tiltLeftBack,0.025390625,-0.08203125,0.142578125,-3.40080261230469,-2.22015380859375,-7.16781616210938,38.6543273925781,22.3007202148438,5.99479675292969,4518BFB7-30DB-4797-8755-FAF6DD67B6D8 
tiltLeft,0.037109375,-0.0068359375,0.0205078125,0.418663024902344,-1.5106201171875,-2.63118743896484,-26.5007019042969,-17.7097320556641,-9.74464416503906,FE720AF2-E2E9-48CF-B289-0A57B7E76C47 
tiltLeftBack,0.0205078125,-0.064453125,0.0732421875,-3.70407104492188,-2.07996368408203,-7.30419158935547,13.2865905761719,13.4544372558594,1.9073486328125,A14A1367-7C8B-4228-873E-D150DA63F219 
tiltLeft,0.0234375,0.0,0.0927734375,0.806808471679688,-1.44195556640625,-1.708984375,-0.421524047851562,-0.200271606445312,-0.188827514648438,D5A1D0E3-2F81-4FBF-A1F0-8471FD5651C9 
tiltLeftBack,0.0224609375,-0.0654296875,0.07373046875,-1.31893157958984,-1.47247314453125,-3.96347045898438,-3.94439697265625,-3.69071960449219,-1.86729431152344,9F093DCA-2293-4449-BA57-439F65D1FD35 
tiltLeft,0.0244140625,-0.0078125,0.095703125,0.513076782226562,-1.42478942871094,-2.29263305664062,-26.7848968505859,-17.7412033081055,-5.72872161865234,1DD68F06-4EB6-48EF-85B9-B3438BE83464 
tiltLeftBack,0.025390625,-0.08203125,0.1748046875,-4.45365905761719,-2.09999084472656,-7.65037536621094,31.9919586181641,15.0279998779297,9.83619689941406,BBE9BF27-4984-47A1-AC8C-898210186F67 
tiltLeft,0.03076171875,-0.02783203125,0.12158203125,-0.446319580078125,-1.39808654785156,-3.11279296875,-24.5914459228516,-20.6356048583984,-8.94546508789062,3F8EABDC-9ABB-42F3-A79F-1C638C294C02 
tiltLeftBack,0.0205078125,-0.0625,0.0791015625,-3.77082824707031,-2.00176239013672,-7.48634338378906,36.7603302001953,23.7159729003906,9.72747802734375,BA2A0F45-1CE7-4883-A0FB-0FB3BCA18590 
tiltLeft,0.02099609375,-0.017578125,0.12744140625,-2.33078002929688,-1.80912017822266,-5.42640686035156,-47.5635528564453,-36.0851287841797,-18.0473327636719,B757FFD2-B253-4801-88FB-425CC17AC5F7 
tiltLeftBack,0.01123046875,-0.0673828125,0.06591796875,-1.48677825927734,-1.02710723876953,-3.35884094238281,35.1486206054688,34.0175628662109,11.9152069091797,E19D3F7A-CFD0-4D33-BB1E-2305248CEAE7 
tiltLeft,0.01953125,-0.01953125,0.10595703125,0.329971313476562,-1.05857849121094,-1.89781188964844,-19.2527770996094,-10.7746124267578,-6.39915466308594,E7012662-E121-4BCA-BD98-3A54976843A0 
tiltLeftBack,0.01953125,-0.0791015625,0.103515625,-5.02586364746094,-2.14385986328125,-7.71903991699219,2.79808044433594,3.26919555664062,0.604629516601562,1F253914-CBA5-421F-AD76-16C622B14E58 
tiltLeft,0.03076171875,-0.015625,0.09521484375,-2.044677734375,-1.24359130859375,-4.81891632080078,0.4730224609375,2.10380554199219,-0.652313232421875,820C90C5-4F0E-4697-AD8E-654C6A3DC7AF 
tiltLeftBack,0.015625,-0.069580078125,0.087890625,-1.93119049072266,-1.28841400146484,-4.68206405639648,-5.72586059570312,-8.32176208496094,0.0,603A2DA5-EF7D-4C90-B900-771161C3E5DD 
tiltLeft,0.01171875,-0.0234375,0.1376953125,-2.53009796142578,-2.08282470703125,-6.28280639648438,-7.84206390380859,-4.62532043457031,2.55393981933594,F0762E57-A859-4204-B326-C4C09D54C414 
tiltLeftBack,0.02001953125,-0.017578125,0.01953125,-0.5035400390625,-1.64031982421875,-3.53813171386719,8.40377807617188,6.7901611328125,0.79345703125,162EAF4B-377E-40C5-A11A-E96D4F1B7BB3 
tiltLeft,0.033203125,-0.015625,0.078125,-0.623703002929688,-1.28173828125,-3.70979309082031,-3.51524353027344,-3.13758850097656,-0.0820159912109375,270DDD21-BA47-4D1C-B106-80CF2BB8E899 
tiltLeftBack,0.01611328125,-0.01171875,0.0146484375,0.771999359130859,-1.06906890869141,-1.65224075317383,10.4217529296875,11.7435455322266,4.00543212890625,353483A9-A508-4F5E-A5B9-B088C2810AA5 
tiltLeft,0.005859375,-0.015625,0.12109375,-2.52437591552734,-1.91783905029297,-6.34384155273438,-42.9191589355469,-37.2943878173828,-15.3064727783203,FA8AB75C-5C66-4279-B750-7EE413573FC6 
tiltLeftBack,0.0185546875,-0.0693359375,0.048828125,-1.44863128662109,-0.55694580078125,-2.86674499511719,40.1535034179688,42.3355102539062,8.15773010253906,2B931BAD-43E6-4CB6-92CD-4E3A8F399BF6 
tiltLeft,0.009765625,-0.0234375,0.138671875,-3.18050384521484,-1.74331665039062,-6.03199005126953,-32.0034027099609,-25.2914428710938,-14.4939422607422,7FE66C98-9B88-4351-8A90-BE9E43E37824 
tiltLeft,0.0078125,-0.0009765625,0.04931640625,-0.463485717773438,0.135421752929688,-1.42097473144531,-4.20379638671875,-1.66702270507812,-0.207901000976562,B548737A-120D-4F0B-A493-C9E4E8E4376D 
tiltLeftBack,-0.015625,-0.0537109375,0.07861328125,-2.88200378417969,0.416755676269531,-3.24726104736328,17.9576873779297,18.8007354736328,11.2648010253906,D841AD94-8784-460A-8145-F0C7DD232386 
tiltLeft,-0.01171875,0.0,0.0234375,-0.692367553710938,0.698089599609375,-0.6256103515625,-5.69725036621094,-4.42886352539062,-1.3885498046875,3AD873A9-78C8-41C3-B490-AA1A1899A10A 
tiltLeftBack,-0.0107421875,-0.0390625,0.0771484375,-3.54576110839844,-0.421524047851562,-5.68962097167969,1.15203857421875,1.21879577636719,1.23786926269531,4E7835DF-A33F-46A8-97ED-042F473B4BB9 
tiltLeft,0.0,0.001953125,0.0615234375,-1.79386138916016,0.227928161621094,-2.78472900390625,0.215530395507812,0.091552734375,0.444412231445312,534058DD-C840-4150-ADC2-200D83487307 
tiltLeftBack,-0.0166015625,-0.0537109375,0.10009765625,-3.15570831298828,0.514030456542969,-3.86142730712891,-11.6252899169922,-6.00051879882812,1.38473510742188,DA9A281A-815C-4D5F-9205-509C4FE50640 
tiltLeft,0.0009765625,-0.0048828125,0.078125,-0.247955322265625,0.3814697265625,-0.0934600830078125,-22.27783203125,-20.5621719360352,-0.821113586425781,CBF9CBA3-DC16-4440-BB39-448C50B1A919 
tiltLeftBack,-0.02490234375,-0.05322265625,0.08642578125,-3.96537780761719,-0.885009765625,-6.58607482910156,19.5083618164062,17.5933837890625,6.8511962890625,386DA5BB-5E75-4B50-B761-F8D7F504A71B 
tiltLeft,-0.00390625,-0.0068359375,0.0703125,-0.531196594238281,0.527381896972656,-0.545501708984375,-25.4096984863281,-23.8304138183594,-7.33375549316406,2A57CB6A-1F4A-4582-A0E7-50DF72EE433C 
tiltLeftBack,-0.01171875,-0.05322265625,0.09375,-3.00455093383789,0.0848770141601562,-4.45413589477539,18.8484191894531,22.2072601318359,8.2855224609375,FE192639-5422-4F9A-8207-5EAF0EAD6398 
tiltLeft,0.00244140625,-0.001953125,0.07421875,-1.56021118164062,-0.4730224609375,-3.33499908447266,-22.6879119873047,-15.7661437988281,-6.16455078125,3174A01C-1D12-4067-853B-3847F4916341 
tiltLeftBack,-0.013671875,-0.0380859375,0.0615234375,-2.86865234375,-0.265121459960938,-4.79888916015625,32.4478149414062,12.0258331298828,-6.57081604003906,37F2636D-B430-413B-9636-80BF6C11B0FB 
tiltLeft,-0.01025390625,-0.0078125,0.08203125,-0.314712524414062,0.186920166015625,-1.08146667480469,-9.29641723632812,-8.10432434082031,-1.13677978515625,741569EE-4653-435B-9D54-95D449575F21 
tiltLeftBack,-0.00244140625,-0.05322265625,0.10302734375,-2.52246856689453,-0.197410583496094,-4.18853759765625,-0.661849975585938,0.535964965820312,0.757217407226562,B3001184-BC0B-43C2-90E8-8B4FF7E19113 
tiltLeft,-0.0078125,0.0009765625,0.0576171875,-1.05381011962891,-0.0448226928710938,-2.50339508056641,-0.463485717773438,-1.37901306152344,-0.274658203125,0CE8FF07-A030-45FD-AAC1-CE75371356E0 
tiltLeftBack,0.0009765625,-0.0576171875,0.15234375,-3.98635864257812,-1.21307373046875,-7.02095031738281,-9.29832458496094,-6.18171691894531,-0.32806396484375,403DBA1A-5FBC-470A-A8C1-B1BC2DBA03D4 
tiltLeft,-0.0048828125,-0.005859375,0.0498046875,-0.1678466796875,0.432968139648438,-0.164031982421875,-1.3885498046875,-0.1983642578125,0.98419189453125,BD2724A5-89A7-4155-8DB7-DAA379B40517 
tiltLeftBack,0.0,-0.052734375,0.076171875,-4.14848327636719,-0.42724609375,-6.18934631347656,27.0271301269531,18.9533233642578,11.5165710449219,DEB8CED3-1FF3-4EF3-AC82-5B21D3D8F5ED 
tiltLeft,-0.0078125,-0.01953125,0.09765625,-2.46620178222656,0.244140625,-3.51619720458984,-41.5325164794922,-29.6363830566406,-9.47380065917969,80BB1538-CE48-49ED-99B6-C0C520CB8A60 
tiltLeftBack,0.01220703125,-0.07861328125,0.13037109375,-3.62777709960938,-0.603675842285156,-5.38873672485352,30.8895111083984,21.7971801757812,9.735107421875,DE41B60F-12D3-4885-8BBD-D7D55499D488 
tiltLeft,0.0,0.01171875,0.0068359375,0.484466552734375,0.034332275390625,0.698089599609375,-15.2835845947266,-9.41085815429688,-2.21633911132812,7FBBF010-5D29-4633-917D-3D69EFA6A67B 
tiltLeftBack,0.0107421875,-0.06591796875,0.12744140625,-3.56388092041016,-0.627040863037109,-5.95712661743164,5.73348999023438,10.1852416992188,4.0740966796875,22C6C67E-D7F3-4AA2-8A3D-7893FABA981C 
tiltLeft,0.015625,0.005859375,0.04296875,-0.346183776855469,-0.145912170410156,-1.60980224609375,-0.125885009765625,-0.299453735351562,3.30924987792969,7D989CA9-A2BE-439F-ADF2-FBD9D4BBE5A5 
tiltLeftBack,0.01171875,-0.0576171875,0.11328125,-2.65312194824219,-0.787734985351562,-4.82749938964844,-2.77137756347656,-0.576019287109375,1.62315368652344,5C64666F-57CA-4961-8D1F-057254656F18 
tiltLeft,0.001953125,0.0029296875,0.02685546875,-0.064849853515625,-0.268936157226562,-1.37615203857422,3.01170349121094,1.52587890625,1.63650512695312,C31AC0C9-244E-4EC9-ADE1-396E26A53EE9 
tiltLeftBack,0.02001953125,-0.0830078125,0.14453125,-4.64248657226562,-0.870704650878906,-6.73294067382812,20.2445983886719,12.75634765625,5.30529022216797,0A3CBDF0-3DD4-4348-A0D2-BB6784DEAF7D 
tiltLeft,0.0,-0.00390625,0.0615234375,-1.49440765380859,-0.0448226928710938,-2.82669067382812,-37.1303558349609,-32.4649810791016,-11.0931396484375,2D02D78F-3189-4E1A-8253-5CE64C76B271 
tiltLeftBack,-0.00341796875,-0.0517578125,0.07568359375,-4.23431396484375,-0.569343566894531,-5.78594207763672,33.9775085449219,21.6464996337891,11.4154815673828,4CAE89FA-E77A-4973-AD32-A812A059794C 
tiltLeft,0.0126953125,0.0048828125,0.03515625,-0.268936157226562,-0.0133514404296875,-1.39427185058594,-24.4922637939453,-15.3598785400391,-8.81576538085938,D8D5C38E-6154-4576-AC18-F356547D2409 
tiltLeftBack,0.017578125,-0.060546875,0.0908203125,-2.3651123046875,-0.5340576171875,-4.0283203125,35.5949401855469,25.3124237060547,8.12911987304688,FBE3BEBD-D9AB-463D-BB2F-FDCCCF3EAED0 
tiltLeft,0.017578125,-0.0078125,0.0322265625,-0.482559204101562,0.0333786010742188,-1.25503540039062,-9.22584533691406,-7.41386413574219,-1.93977355957031,09719330-2DB4-43B2-B086-BEB7239872E3 
tiltLeftBack,-0.0126953125,-0.0546875,0.0517578125,-4.69303131103516,0.239372253417969,-5.15842437744141,6.41059875488281,6.14356994628906,4.94194030761719,97F3CA2C-98F9-4ADC-A0A9-F31374417723 
tiltLeft,-0.001953125,-0.013671875,0.138671875,-1.52969360351562,0.272750854492188,-1.99127197265625,-1.50489807128906,-2.53868103027344,2.30216979980469,C4377420-190C-4D77-9DA4-5FA02CA5748C 
tiltLeftBack,0.0029296875,-0.0849609375,0.1474609375,-4.94003295898438,-0.253677368164062,-5.81169128417969,-4.93621826171875,-3.90815734863281,0.642776489257812,0DE7E9DF-61B2-4589-9F58-67F26DFDB287 
tiltLeft,0.0078125,0.005859375,0.0341796875,-0.28228759765625,-0.06103515625,-1.44004821777344,-32.4220657348633,-26.8077850341797,-5.52845001220703,1746468A-90CC-4FEE-8992-4F25E2531339 
tiltLeftBack,0.0224609375,-0.0849609375,0.17578125,-5.04684448242188,-1.18350982666016,-6.86740875244141,33.5636138916016,18.0091857910156,9.28878784179688,6DDD7B36-A42A-443F-9062-CA94294D550F 
tiltLeft,0.0078125,0.0048828125,0.044921875,0.35858154296875,-0.0171661376953125,0.181198120117188,-19.1307067871094,-14.1429901123047,-3.46565246582031,786309BD-6A5A-401A-8588-648AB869A87E 
tiltLeft,0.0,-0.0068359375,0.02685546875,-0.02288818359375,-0.1220703125,-0.507354736328125,1.0833740234375,-0.432968139648438,-1.04522705078125,1EF55343-A9CA-4AA7-A064-ABE11DA61D55 
tiltLeftBack,-0.009765625,-0.04296875,0.0771484375,-3.31211090087891,0.365734100341797,-4.26244735717773,-4.76455688476562,-1.22261047363281,-2.69508361816406,211FC9C9-3827-40B3-B650-10ED8B9AE1A7 
tiltLeft,0.0078125,0.00244140625,0.06298828125,-2.00366973876953,-0.108718872070312,-3.25679779052734,8.67271423339844,2.99453735351562,2.410888671875,B0A351AD-678F-4D79-A34E-05619C06ACB5 
tiltLeftBack,0.0,-0.0556640625,0.123046875,-4.150390625,-0.829696655273438,-6.27326965332031,-11.5222930908203,-5.46073913574219,-1.80816650390625,5802B833-8D80-46C0-9CA9-7D4C9AC90FA4 
tiltLeft,0.0,-0.0078125,0.072265625,-0.307083129882812,0.270843505859375,-0.2899169921875,-33.4663391113281,-22.8939056396484,-11.1255645751953,2409EC1A-90D4-4203-AC63-52883F9FF4A1 
tiltLeftBack,-0.0029296875,-0.0537109375,0.0537109375,-4.41551208496094,-0.38909912109375,-5.54943084716797,24.4960784912109,25.6824493408203,6.09970092773438,827392AE-6A8E-4EA8-9E55-D40CFFBD9D12 
tiltLeft,0.0,-0.015625,0.1103515625,-1.92451477050781,0.0476837158203125,-2.532958984375,-30.4584503173828,-27.6298522949219,-10.1661682128906,6AC5F8D3-9C6D-43EE-AE33-43C7FA335FC2 
tiltLeftBack,-0.0029296875,-0.01416015625,-0.00390625,-0.77056884765625,0.151634216308594,-0.226974487304688,20.0996398925781,17.2233581542969,6.591796875,9FD6A0E7-9C27-4353-8E25-276ADDECE482 
tiltLeft,-0.0078125,-0.029296875,0.1181640625,-3.38935852050781,-0.885009765625,-4.4403076171875,-42.5510406494141,-37.7388000488281,-11.7931365966797,C1658CCC-2394-4D12-A2AF-39F826971350 
tiltLeftBack,-0.0078125,-0.044921875,0.0,-3.38363647460938,0.467300415039062,-3.36456298828125,25.9342193603516,43.8976287841797,7.77244567871094,FB1A7FE4-7ABA-4523-851D-65B629894544 
tiltLeft,0.00390625,-0.025390625,0.107421875,-2.88486480712891,-0.158309936523438,-3.60202789306641,-3.03840637207031,-2.95829772949219,-2.72750854492188,57A21D7B-6644-4B07-947A-26ACE8C5B1F8 
tiltLeftBack,0.0029296875,-0.04833984375,0.05419921875,-2.51197814941406,0.204086303710938,-2.61211395263672,-4.70542907714844,3.35693359375,2.82478332519531,C07D119D-306E-4DA3-B080-DE579877CF31 
tiltLeft,0.01220703125,0.001953125,0.0771484375,-2.33554840087891,-0.684738159179688,-3.57151031494141,8.11004638671875,4.88853454589844,2.77328491210938,7BEB23E2-95B5-42EA-A430-7B7C11551416 
tiltLeftBack,-0.00244140625,-0.056640625,0.0693359375,-3.25775146484375,-0.152587890625,-3.59821319580078,22.4227905273438,17.6105499267578,7.56645202636719,A945C285-8B36-41F0-A300-4FDEA2FB9184 
tiltLeft,0.00390625,-0.00146484375,0.05126953125,-0.3662109375,-0.019073486328125,-0.492095947265625,-30.975341796875,-28.8181304931641,-9.735107421875,B6CC6C58-F3E2-4AE0-97A8-05C700280606 
tiltLeftBack,-0.0048828125,-0.0595703125,0.064453125,-5.10787963867188,-0.349044799804688,-5.84983825683594,36.5409851074219,28.1963348388672,7.98225402832031,829C9348-EAEB-4161-A912-33BC500629C8 
tiltLeft,0.0009765625,-0.00244140625,0.07373046875,-1.61647796630859,-0.342369079589844,-2.7003288269043,-25.3524780273438,-17.2157287597656,-10.2024078369141,DBF4080F-DFDF-4A22-98A6-8645D4ADE9B5 
tiltLeftBack,0.0146484375,-0.07177734375,0.0947265625,-3.12900543212891,-0.690460205078125,-4.74262237548828,19.1898345947266,25.1541137695312,-7.76863098144531,89420B90-BDE3-46F5-905B-9EB2F068A81F 
tiltLeft,0.02294921875,0.0048828125,0.04296875,-0.856399536132812,-0.490188598632812,-2.22110748291016,-0.0858306884765625,0.31280517578125,-2.49099731445312,D0E868FA-3CEA-4EA5-8136-B33049C92505 
tiltLeftBack,0.0068359375,-0.0498046875,0.0966796875,-3.87096405029297,-0.715255737304688,-5.57041168212891,-2.51007080078125,1.16539001464844,-0.133514404296875,3E251EB7-D97C-40EB-95F2-F69BBD8384DF 
tiltLeft,0.005859375,0.0068359375,0.1015625,-3.15189361572266,-0.757217407226562,-4.75311279296875,4.18853759765625,0.204086303710938,-0.804901123046875,82F711B4-48FD-4E60-A0F9-E92AD72E9814 
tiltLeftBack,0.001953125,-0.05078125,0.04296875,-2.60734558105469,0.243186950683594,-2.16102600097656,-3.91387939453125,-1.53541564941406,1.44386291503906,CE74A2A1-7990-4E8C-9CC0-582602B1DAA0 
tiltLeft,0.005859375,-0.013671875,0.1171875,-3.14426422119141,-1.04331970214844,-4.58335876464844,-11.8618011474609,-6.42013549804688,0.0505447387695312,0F0D1E64-4524-4BEA-90AD-B5457A933DC0 
tiltLeftBack,0.0029296875,-0.044921875,0.0146484375,-1.6937255859375,-0.18310546875,-1.32369995117188,21.7952728271484,8.24737548828125,7.76290893554688,3A56B735-1B48-474A-835C-10F6E9016692 
tiltLeft,0.017578125,-0.03759765625,0.14990234375,-4.75406646728516,-2.24399566650391,-6.58893585205078,-13.9293670654297,-4.09317016601562,-2.96401977539062,F8E07284-C2AA-4E1F-B92D-9CF724C820E2 
tiltLeftBack,0.03369140625,-0.0263671875,-0.0107421875,-2.20584869384766,-0.578880310058594,-3.18622589111328,34.3647003173828,23.6854553222656,11.5776062011719,2CB6361F-FE60-4989-A233-C074677D1002 
tiltLeft,0.021484375,-0.0009765625,0.09765625,-2.81143188476562,-1.21498107910156,-4.16946411132812,-41.4981842041016,-26.763916015625,-18.4612274169922,C8727DE1-2ECE-417B-8AAF-4F94399671FE 
tiltLeftBack,0.0166015625,-0.044921875,0.0126953125,-1.42097473144531,-0.257492065429688,-1.56021118164062,45.3910827636719,41.7289733886719,12.8135681152344,83BC6D44-897E-48DA-984D-C467F52376FB 
tiltLeft,0.01171875,-0.0048828125,0.1025390625,-3.39126586914062,-0.128746032714844,-3.58200073242188,-24.1165161132812,-10.7059478759766,-12.4034881591797,158D0440-F186-4FFF-843B-866FE5E35CDD 
tiltLeftBack,0.00048828125,-0.0283203125,-0.01904296875,-1.92070007324219,0.0591278076171875,-1.57928466796875,36.1690521240234,25.4440307617188,8.46481323242188,BB740315-2E4D-4D0A-AE82-D68B375007A1 
tiltLeft,0.01708984375,-0.06982421875,0.16259765625,-3.73649597167969,-0.761032104492188,-4.81605529785156,-5.13744354248047,0.127792358398438,-1.84535980224609,15FC6958-2609-40B6-ADEE-47FE36AA7871 
tiltLeftBack,-0.00390625,-0.03515625,-0.0185546875,-1.46293640136719,0.482559204101562,0.299453735351562,18.7854766845703,8.941650390625,11.5718841552734,F8D18BAD-276E-4592-8D41-77592F602980 
tiltLeft,0.02734375,0.0029296875,-0.0126953125,-0.60272216796875,0.080108642578125,-0.154495239257812,-41.8910980224609,-25.6824493408203,-10.6182098388672,F7E1D1B3-6E8B-4BA8-AC06-D649BB17133E 
tiltLeftBack,0.00732421875,-0.07763671875,0.060546875,-5.01632690429688,-0.629425048828125,-5.66482543945312,46.6384887695312,39.886474609375,11.871337890625,6A1F9B78-D69A-4F06-AC3B-6C4B5E2A4686 
tiltLeft,0.017578125,-0.03173828125,0.12255859375,-4.12940979003906,-0.922203063964844,-4.57572937011719,-54.4700622558594,-31.0630798339844,-19.0162658691406,3A2CD144-469B-41EC-843E-C0DDBB2B6117 
tiltLeftBack,0.00732421875,-0.07861328125,0.09619140625,-3.7994384765625,-0.642776489257812,-4.66442108154297,18.4478759765625,22.0108032226562,4.20761108398438,F72B1321-54A0-4752-8A17-545F4BC4A8A5 
tiltLeft,0.0146484375,-0.0009765625,0.0625,-1.98936462402344,-0.52642822265625,-3.09371948242188,-0.726699829101562,2.38800048828125,-0.143051147460938,BD5D0D0F-8C0A-4EAA-A7D1-1E8A693DD1C4 
tiltLeftBack,0.015625,-0.0810546875,0.11669921875,-4.82082366943359,-0.406265258789062,-5.13267517089844,-2.25830078125,1.15776062011719,1.63841247558594,88631EDB-2876-42B2-894A-3787A76FFBAA 
tiltLeft,0.01416015625,0.00634765625,0.0458984375,0.095367431640625,-0.095367431640625,0.396728515625,8.79859924316406,5.57899475097656,4.22096252441406,6BDE278A-2E65-493D-86B1-A30BA2D4F5A4 
tiltLeftBack,0.0146484375,-0.068359375,0.087890625,-3.448486328125,-0.594139099121094,-4.62245941162109,0.713348388671875,2.02178955078125,-0.396728515625,61149885-E5AA-4CF2-A93A-01DCBE291308 
tiltLeft,0.01171875,-0.00634765625,0.095703125,-0.453948974609375,-0.482559204101562,-1.12724304199219,-15.2645111083984,-13.7052536010742,-10.7421875,C3AEC530-F673-4E28-8599-6BB817615268 
tiltLeftBack,0.00439453125,-0.06005859375,0.0478515625,-2.38323211669922,-0.378608703613281,-2.38895416259766,22.4990844726562,16.9734954833984,11.4784240722656,9D7C4209-AF72-48FF-970F-F2473066C86C 
tiltLeft,0.0009765625,-0.0322265625,0.15234375,-5.18894195556641,-1.87397003173828,-6.28757476806641,-21.8830108642578,-14.8525238037109,-5.22804260253906,FB006132-7315-4200-9B70-7CBC861F80C7 
tiltLeftBack,0.013671875,-0.0556640625,0.0244140625,-1.68991088867188,-0.411033630371094,-2.05707550048828,40.8992767333984,31.8164825439453,13.0538940429688,5D934255-1520-415C-B41A-9DF37891BF49 
tiltLeft,0.013671875,-0.06640625,0.1640625,-5.42068481445312,-2.24876403808594,-7.15541839599609,-28.839111328125,-18.9857482910156,-3.16238403320312,E1C399C6-A8F0-46D6-826D-1F0E628C108C 
tiltLeftBack,0.0166015625,-0.0517578125,0.01318359375,-1.41716003417969,-0.48828125,-1.13010406494141,45.2747344970703,39.093017578125,8.48579406738281,A6F81DE5-B09F-499E-B463-4C55C2C9B927 
tiltRight,-0.00390625,0.0,-0.0751953125,0.2593994140625,0.0667572021484375,1.48200988769531,14.1811370849609,5.10025024414062,4.84466552734375,3D9784CE-C95F-4BBA-89BE-D69B44850084 
tiltRightBack,0.0546875,-0.03515625,-0.1171875,0.810623168945312,-0.516891479492188,6.93130493164062,-20.0862884521484,-16.3593292236328,-11.7778778076172,C4B28375-46BF-4CAE-924D-95BD453435B4 
tiltRight,-0.00390625,-0.009765625,-0.0654296875,-0.0896453857421875,0.281333923339844,0.472068786621094,30.3421020507812,26.8287658691406,5.63430786132812,627EC5B5-2943-40C4-ACA3-A6F1E9DA7DE0 
tiltRightBack,0.0419921875,-0.0283203125,-0.0625,0.250816345214844,0.0820159912109375,7.24029541015625,-30.0579071044922,-22.4246978759766,-8.78143310546875,B90C1B14-4901-4AF3-8FAB-28126180FDD0 
tiltRight,-0.01171875,-0.005859375,-0.05078125,-0.120162963867188,0.400543212890625,1.99604034423828,20.8759307861328,16.357421875,5.126953125,4AA274AE-E79F-4587-B4E7-683C73AB0CA5 
tiltRightBack,0.05078125,-0.0439453125,-0.134765625,0.232696533203125,0.37384033203125,7.75718688964844,-19.6056365966797,-13.2293701171875,-6.68907165527344,B70F0153-DE7C-42C9-9CD0-2BDAF2E4D551 
tiltRight,-0.0107421875,-0.01171875,0.017578125,-0.579833984375,0.460624694824219,-0.525474548339844,7.70950317382812,10.3912353515625,2.55966186523438,68F5CAB7-9E86-49A3-BC18-44C1569D6DAD 
tiltRightBack,0.0341796875,-0.02880859375,-0.04150390625,0.492095947265625,0.118255615234375,6.78253173828125,-7.65419006347656,-15.1958465576172,-3.65066528320312,CF7F1137-5F8F-4BCB-8920-3EC3C718663D 
tiltRight,0.0029296875,-0.0146484375,-0.0732421875,-0.02288818359375,0.398635864257812,3.43418121337891,2.09426879882812,2.78663635253906,1.30271911621094,51BB315B-AA5D-4A52-978C-B371931738EB 
tiltRightBack,0.060546875,-0.0390625,-0.10546875,0.516891479492188,-0.131607055664062,6.12831115722656,3.30924987792969,1.60980224609375,3.54194641113281,D0DD4F6E-1332-4278-B1CD-E877F394CC41 
tiltRight,-0.0078125,-0.01171875,0.01171875,-0.360488891601562,0.110626220703125,-0.757217407226562,-8.29887390136719,2.11524963378906,0.486373901367188,9743075C-A2F1-4E0D-AF02-65E047941286 
tiltRightBack,0.0439453125,-0.02978515625,-0.05517578125,0.832557678222656,-0.667572021484375,7.21836090087891,-18.8150405883789,-10.5562210083008,-1.99699401855469,EB318DA0-4A43-456C-B380-4D830656D494 
tiltRight,0.0283203125,-0.03076171875,-0.1279296875,0.0705718994140625,0.080108642578125,3.46660614013672,24.9671936035156,10.8737945556641,4.73594665527344,76D42FA3-BBEC-499F-9F15-156ADD0F7E89 
tiltRightBack,0.03515625,-0.0478515625,-0.0400390625,-0.761985778808594,1.07812881469727,4.43458557128906,-38.7954711914062,-22.4933624267578,-10.2176666259766,F9BBD530-6897-433C-8F37-35974241881C 
tiltRight,-0.0234375,-0.0068359375,-0.01953125,-0.38909912109375,0.833511352539062,1.42097473144531,27.7767181396484,24.2519378662109,4.56047058105469,07BDBE91-9DCA-44A6-8FB0-8F96D2F010FA 
tiltRightBack,0.0283203125,-0.060546875,-0.08203125,-0.360488891601562,0.6561279296875,9.28878784179688,-17.3225402832031,-24.3148803710938,-6.73294067382812,28846C1C-C539-49CC-9291-34EB762BD44B 
tiltRight,-0.01123046875,-0.01611328125,-0.072265625,-0.558853149414062,0.879287719726562,0.860214233398438,11.566162109375,8.19206237792969,3.62777709960938,7AB35F9B-90B4-4292-94A8-0F8D609437F6 
tiltRightBack,0.0390625,-0.03515625,-0.0439453125,-0.134468078613281,0.421524047851562,3.29780578613281,-7.87353515625,-4.54902648925781,0.337600708007812,CD2F6A9F-BBC3-4B13-828A-3D8EAA870043 
tiltRight,-0.0205078125,-0.021484375,0.0205078125,-0.822067260742188,0.713348388671875,0.463485717773438,-3.13758850097656,-2.03704833984375,1.40190124511719,DE70E32A-CAE9-4DEF-BB68-0472DD03B077 
tiltRightBack,0.048828125,-0.0546875,-0.125,0.0286102294921875,0.61798095703125,7.50541687011719,11.7282867431641,4.13322448730469,-1.54685974121094,A49113B0-1281-4319-8AC2-96A34251AB6C 
tiltRight,0.00048828125,-0.02392578125,-0.1123046875,-0.55694580078125,1.00135803222656,2.40325927734375,2.63595581054688,0.61798095703125,-3.1280517578125,3AA23C51-7DFB-4403-A05A-424270660032 
tiltRightBack,0.01171875,-0.029296875,0.0185546875,-0.253677368164062,0.423431396484375,3.8909912109375,-9.38034057617188,-7.21549987792969,-0.256538391113281,4764D508-42CB-4971-88D2-D2A59AC195D1 
tiltRight,0.025390625,-0.0224609375,-0.1455078125,0.0958442687988281,-0.484943389892578,8.14723968505859,14.3299102783203,5.74111938476562,4.14276123046875,5DB2BC7F-1C8F-4805-B6FE-A1ABA97D137A 
tiltRightBack,0.0458984375,-0.0400390625,-0.0595703125,-0.169754028320312,0.412940979003906,4.27532196044922,-29.4246673583984,-27.8759002685547,-9.66453552246094,C03926EE-E477-4F05-A1E6-FC15CD0F54F3 
tiltRight,-0.0078125,-0.015625,-0.060546875,-0.392913818359375,0.701904296875,1.10435485839844,18.8426971435547,24.2691040039062,7.12013244628906,E3A1AC93-5857-45EB-BACE-851969DFE419 
tiltRightBack,0.05126953125,-0.0419921875,-0.08349609375,0.54931640625,-0.772476196289062,8.5906982421875,-18.8465118408203,-16.5653228759766,-7.4462890625,95DB136B-123B-405D-9073-1F7724FB13B3 
tiltRight,-0.01025390625,-0.0185546875,-0.02880859375,0.0162124633789062,0.20599365234375,2.09331512451172,2.98500061035156,2.54249572753906,-0.768661499023438,44E13D9A-63A0-455B-B1B2-5D16F092B69C 
tiltRightBack,0.07275390625,-0.0419921875,-0.1103515625,0.341415405273438,0.0553131103515625,6.70433044433594,3.58772277832031,2.76374816894531,0.537872314453125,7AB9D2CC-2DE7-4817-ADD3-F53600AB1476 
tiltRight,-0.0107421875,-0.01513671875,-0.00048828125,-0.43487548828125,0.70953369140625,0.960350036621094,-10.345458984375,-8.74137878417969,-3.87001037597656,A7726CFB-56B8-4F1F-9FC3-AA227C0D673B 
tiltRightBack,0.048828125,-0.041015625,-0.103515625,0.4425048828125,-0.949859619140625,9.37080383300781,10.6449127197266,8.90731811523438,4.974365234375,A3916B02-B032-4050-9BAE-827616E307BA 
tiltRight,-0.0146484375,-0.0166015625,0.01171875,-1.18446350097656,0.680923461914062,-1.43623352050781,32.4821472167969,22.9167938232422,3.10897827148438,7A885FA4-A787-4CCD-8E42-7036635AF768 
tiltRightBack,0.052734375,-0.0458984375,-0.13330078125,0.230789184570312,-0.196456909179688,9.20677185058594,-17.0612335205078,-17.0269012451172,-7.42149353027344,FE10E67D-1B77-4AEF-823B-CA29E625A329 
tiltRight,-0.00732421875,-0.0009765625,-0.0859375,0.0514984130859375,0.3814697265625,1.26457214355469,13.8053894042969,16.6168212890625,2.36320495605469,13068322-19F1-4181-BB12-610C7DF38EC9 
tiltRightBack,0.0390625,-0.037109375,-0.08984375,0.339508056640625,0.0619888305664062,6.73484802246094,-28.9688110351562,-14.9707794189453,-4.78172302246094,B7394D14-A76C-42BB-9881-CDF34A76451C 
tiltRight,-0.0078125,-0.005859375,-0.0068359375,-0.16021728515625,0.34332275390625,1.3275146484375,31.7783355712891,23.1781005859375,6.91413879394531,7FF87C52-5815-4D98-81DA-635EB1CBA965 
tiltRightBack,0.0322265625,-0.02734375,-0.0556640625,0.041961669921875,0.113487243652344,6.91795349121094,-27.1530151367188,-17.0345306396484,-3.29208374023438,0D18FFD5-20A5-4002-9389-868E394E375C 
tiltRight,0.00390625,0.0087890625,-0.0732421875,0.0457763671875,0.212669372558594,3.52954864501953,17.7631378173828,22.5658416748047,4.4097900390625,CC02DF10-7DAB-48B8-A2FB-88613CBA4DB3 
tiltRightBack,0.048828125,-0.037109375,-0.08984375,0.165939331054688,0.299453735351562,5.31005859375,-28.7685394287109,-22.3026275634766,-11.1312866210938,73E7086D-7B8F-4859-9A5C-177575F4FA8B 
tiltRight,0.0,-0.0185546875,0.0,-0.415802001953125,0.3814697265625,0.597000122070312,9.7198486328125,14.1754150390625,2.12669372558594,143AB2B1-0800-4DA3-BB23-C2CEF526C461 
tiltRightBack,0.033203125,-0.029296875,-0.041015625,0.290870666503906,0.431060791015625,6.74247741699219,0.600814819335938,0.997543334960938,1.16729736328125,5DCD57D1-FCA9-4CAB-906B-5CFBD2F4543F 
tiltRight,-0.0009765625,-0.00927734375,-0.01708984375,-0.768661499023438,0.417709350585938,-0.780105590820312,-2.67791748046875,-1.00898742675781,-0.0019073486328125,264C167E-1F12-40F3-9906-3EF18D69AC62 
tiltRightBack,0.0322265625,-0.0390625,-0.1083984375,0.16021728515625,0.631332397460938,6.04438781738281,9.97352600097656,8.79478454589844,2.30789184570312,01083E80-1859-4BA6-A14F-3F08F3DA5788 
tiltRight,-0.0126953125,-0.0146484375,-0.02734375,-0.158309936523438,0.494003295898438,1.77955627441406,-5.7830810546875,-4.38499450683594,0.034332275390625,D9524AC8-B0FA-4680-9406-4F3636A1002A 
tiltRightBack,0.05078125,-0.0390625,-0.1015625,0.388145446777344,-0.224113464355469,6.99615478515625,-19.9947357177734,-16.0751342773438,-0.524520874023438,D2DAB172-65AC-4FDC-B5F7-D71610B7D0FB 
tiltRight,-0.00390625,-0.0146484375,-0.0537109375,-0.193595886230469,0.302314758300781,0.521659851074219,22.2282409667969,22.6726531982422,5.63812255859375,346CD525-BED1-41AB-9F21-287E4C993CE9 
tiltRightBack,0.033203125,-0.033203125,-0.060546875,0.0782012939453125,0.57220458984375,4.98104095458984,-20.5249786376953,-18.9552307128906,-6.00814819335938,920FB94F-4246-49AE-8530-3D10B13B310A 
tiltRight,0.0,-0.013671875,-0.009765625,-0.377655029296875,0.364303588867188,0.6561279296875,5.36727905273438,11.9152069091797,2.59208679199219,61FB7A87-EF99-4A43-A27E-2EFE222075EF 
tiltRightBack,0.0576171875,-0.0302734375,-0.12890625,0.5645751953125,-0.202178955078125,6.74057006835938,-3.50189208984375,-1.2664794921875,0.684738159179688,CC228E9B-38C2-4D74-A9AF-D35F33469EDF 
tiltRight,0.0,-0.0048828125,0.001953125,-0.905990600585938,-0.0057220458984375,-2.00843811035156,-3.509521484375,-2.49099731445312,0.946044921875,06C45EB1-75DC-4F85-9B32-0C03D90FA77F 
tiltRightBack,0.03515625,-0.0224609375,-0.05712890625,-0.131607055664062,0.25177001953125,3.21578979492188,6.62803649902344,7.75146484375,1.27601623535156,C17C55C3-500B-44F2-901C-8A0AB482EE27 
tiltRight,-0.01171875,-0.0185546875,-0.0625,-0.292778015136719,0.548362731933594,3.32069396972656,-3.41606140136719,-1.88636779785156,0.0591278076171875,A9694AA5-D1E0-4BB5-B4FC-2F5C3568C105 
tiltRightBack,0.0185546875,-0.02978515625,-0.01953125,0.217437744140625,0.192642211914062,4.58335876464844,-1.40571594238281,-1.22928619384766,2.83908843994141,1F86C132-83C9-4BD8-A82F-9EA98B7E029B 
tiltRight,0.0029296875,-0.0029296875,-0.0517578125,-0.2899169921875,0.080108642578125,-0.291824340820312,22.1996307373047,18.5737609863281,1.97601318359375,EB65A270-4605-498C-B8F0-1F4ACBB69E8F 
tiltRightBack,0.021484375,-0.0263671875,-0.0244140625,0.064849853515625,0.1983642578125,5.31959533691406,-23.0159759521484,-19.8440551757812,-3.4332275390625,B57BB0D5-23BA-4D90-A47C-F55AA70D2CB1 
tiltRight,0.0,-0.013671875,-0.001953125,-0.445365905761719,0.121116638183594,0.298500061035156,16.9219970703125,19.4225311279297,4.07981872558594,CBBF0997-97D6-4029-811E-B86C64F138B4 
tiltRightBack,0.05908203125,-0.03076171875,-0.09326171875,0.500679016113281,-0.203132629394531,5.41591644287109,-17.1546936035156,-13.1797790527344,-5.49125671386719,E1D34C57-0E15-45F4-9E3D-987FDCF6D40F 
tiltRight,-0.0087890625,-0.0185546875,0.021484375,-0.859260559082031,0.113487243652344,-1.12819671630859,-0.562667846679688,2.47955322265625,0.98419189453125,4CD8F813-DF2B-41FE-AA70-6F40196D6AE2 
tiltRightBack,0.05712890625,-0.03955078125,-0.12060546875,0.545501708984375,-0.0352859497070312,7.06863403320312,7.83729553222656,6.9122314453125,2.65121459960938,AAA6E9A9-65FA-49FB-BBD2-33F8FF027D13 
tiltRight,-0.00927734375,-0.01220703125,-0.01904296875,-0.285148620605469,0.213623046875,0.581741333007812,-6.00624084472656,-1.79100036621094,-1.007080078125,E88627C5-BEFC-4B56-9C52-AE0556780297 
tiltRightBack,0.0205078125,-0.015625,-0.0087890625,-0.195503234863281,0.08392333984375,1.32274627685547,-5.18989562988281,-3.97682189941406,-0.751495361328125,75EDB0CD-7F52-43F3-99B3-B0CA5F20BA8C 
tiltRight,0.03466796875,-0.02490234375,-0.12890625,0.335693359375,-0.3814697265625,6.28662109375,16.7961120605469,17.3358917236328,7.30323791503906,8849BA0D-FB0E-4E38-A87B-540E328CEE59 
tiltRightBack,0.0146484375,-0.013671875,0.001953125,-0.748634338378906,-0.0286102294921875,-1.14727020263672,-10.2634429931641,-9.24873352050781,-3.10134887695312,04BCCE85-EDDE-44C6-99D9-5847B22B8C2C 
tiltRight,0.021484375,-0.01708984375,-0.10791015625,0.140190124511719,0.0486373901367188,6.03103637695312,7.31849670410156,6.50405883789062,7.91549682617188,A86FC2F3-9764-4A9F-8DA2-51F0A0168749 
tiltRightBack,0.0048828125,-0.0244140625,0.0029296875,-0.844955444335938,0.493049621582031,0.401496887207031,-13.4086608886719,-6.18362426757812,0.719070434570312,E7C4CF30-96EE-43BD-B456-07A8BB4EFD0B 
tiltRight,-0.00390625,-0.0166015625,-0.06640625,-0.09918212890625,0.518798828125,2.55584716796875,26.2432098388672,22.3617553710938,3.94630432128906,97709225-C894-46C4-B8AB-05A4AF8A20C6 
tiltRightBack,0.02734375,-0.0458984375,-0.08447265625,-0.3509521484375,0.977516174316406,5.17368316650391,-24.9004364013672,-18.98193359375,-8.62693786621094,60B0E6C1-3CC9-44F1-B10D-6354B3014F3A 
tiltRight,-0.001953125,-0.00732421875,0.01123046875,-0.542640686035156,0.337600708007812,-0.178337097167969,0.03814697265625,2.92778015136719,1.0833740234375,B4D7B891-ACFC-428D-9CE7-565A931578D3 
tiltRightBack,0.052734375,-0.033203125,-0.1015625,0.296592712402344,-0.0152587890625,7.53402709960938,5.45310974121094,6.65664672851562,3.58963012695312,96CC9207-874B-453E-B424-AEA21BB58C66 
tiltRight,0.001953125,-0.0126953125,-0.013671875,-0.00476837158203125,0.260353088378906,1.33609771728516,-10.2157592773438,-5.36537170410156,-0.965118408203125,FE8515E7-8404-4A6B-AE04-3F9F625B9845 
tiltRightBack,0.033203125,-0.041015625,-0.056640625,0.135421752929688,0.31280517578125,4.50706481933594,4.29534912109375,4.75692749023438,3.66020202636719,23223042-6860-471C-9ABE-87D184D5E6CA 
tiltRight,0.0,-0.01123046875,-0.072265625,0.0257492065429688,0.253677368164062,3.46946716308594,14.9879455566406,9.77611541748047,8.80622863769531,D9AC646E-7B5C-4770-967A-2E28F5D7C7DD 
tiltRightBack,0.052734375,-0.04541015625,-0.09716796875,0.30517578125,0.239372253417969,5.80024719238281,-29.5963287353516,-18.5871124267578,-5.01823425292969,8F469D12-9E10-4A48-84B0-6F5B9EC05C8E 
tiltRight,-0.00390625,-0.0029296875,-0.0302734375,-0.0934600830078125,0.436782836914062,1.800537109375,29.2148590087891,21.4157104492188,4.35829162597656,7CC9FEBC-1FEE-4AF5-9BA1-07D18DB933E5 
tiltRightBack,0.052734375,-0.048828125,-0.095703125,0.446319580078125,-0.02288818359375,7.11536407470703,-35.0017547607422,-21.5053558349609,-10.7173919677734,FB075051-0845-4788-A3BB-3031FF050733 
tiltRight,-0.0107421875,-0.0146484375,-0.01171875,-0.417709350585938,0.87738037109375,1.32560729980469,15.7737731933594,18.61572265625,3.80897521972656,CF535101-6222-4C89-8F31-6BA133D2F9AF 
tiltRightBack,0.0458984375,-0.0517578125,-0.12109375,-0.152587890625,0.568389892578125,7.77053833007812,-6.97517395019531,-8.05473327636719,-2.74848937988281,6EC0F88C-5570-4ADA-B8FC-662E3939E456 
tiltRight,-0.009765625,-0.013671875,0.0,-0.594139099121094,0.270843505859375,-1.08146667480469,-0.814437866210938,1.58500671386719,0.96893310546875,DF7F3F08-B363-4FDA-8957-C36EDAC0A2AE 
tiltRightBack,0.03515625,-0.037109375,-0.08984375,0.213623046875,0.142097473144531,8.14342498779297,4.58335876464844,6.011962890625,3.62014770507812,C9394CDE-D456-4021-A567-46AA64952812 
tiltRight,-0.0126953125,-0.0146484375,-0.041015625,-0.267982482910156,0.741004943847656,2.20584869384766,-10.9901428222656,-5.88607788085938,-0.188827514648438,D8C8DC53-7478-4F5B-A083-59B25EAEB0B1 
tiltRightBack,0.06640625,-0.044921875,-0.1494140625,0.303268432617188,-0.278472900390625,8.87680053710938,12.1612548828125,21.0971832275391,6.23703002929688,C12735DE-1304-47FA-B785-1D6BC4F290F2 
tiltRight,-0.009765625,-0.021484375,0.02734375,-0.888824462890625,0.417709350585938,-1.32942199707031,22.6001739501953,19.6847915649414,2.07138061523438,88181B57-1823-40AF-893A-29C72139D4F2 
tiltRightBack,0.05078125,-0.041015625,-0.1328125,0.299453735351562,-0.169754028320312,8.25881958007812,-22.5200653076172,-13.8702392578125,-7.9345703125,31F26264-BB10-4F87-8179-FF1E855D8433 
tiltRight,-0.0068359375,-0.0107421875,-0.0390625,-0.614166259765625,0.822067260742188,0.133514404296875,14.6713256835938,15.9339904785156,4.95338439941406,768A6972-A8BA-4CC1-BE82-F7E5EC91C3AC 
tiltRightBack,0.01513671875,-0.0302734375,-0.0634765625,-0.303268432617188,1.19209289550781,4.29248809814453,-15.6764984130859,-9.04464721679688,-5.85746765136719,7EBA025F-4026-45AB-9165-A74BEEA5218B 
tiltRight,-0.0146484375,-0.0107421875,-0.05859375,-0.244617462158203,1.10673904418945,3.36933135986328,9.77706909179688,12.1212005615234,1.9683837890625,910686D6-3716-47B0-B7EB-34E8CC2AEE02 
tiltRightBack,0.029296875,-0.0419921875,-0.1005859375,-0.0400543212890625,0.837326049804688,6.49642944335938,-6.01959228515625,-8.69369506835938,-3.99589538574219,553D00C0-E939-4231-80D7-3C17D362200C 
tiltRight,0.001953125,-0.02099609375,-0.12548828125,-0.48065185546875,1.13105773925781,3.53050231933594,10.2367401123047,12.0639801025391,2.28500366210938,84E7D371-4DD2-40A0-876D-BF383A7567B4 
tiltRightBack,0.0361328125,-0.0498046875,-0.1064453125,-0.192642211914062,0.337600708007812,8.99124145507812,-1.78718566894531,0.461578369140625,1.43051147460938,6E45F5B8-F74F-410B-B8CE-FF61FFF396B4 